/*
 Navicat Premium Dump SQL

 Source Server         : T14WSL
 Source Server Type    : MySQL
 Source Server Version : 80044 (8.0.44)
 Source Host           : localhost:3307
 Source Schema         : glen_ui

 Target Server Type    : MySQL
 Target Server Version : 80044 (8.0.44)
 File Encoding         : 65001

 Date: 24/01/2026 13:10:06
*/

SET NAMES utf8mb4;
SET FOREIGN_KEY_CHECKS = 0;

-- ----------------------------
-- Table structure for report_detail_ui
-- ----------------------------
DROP TABLE IF EXISTS `report_detail_ui`;
CREATE TABLE `report_detail_ui`  (
  `id` bigint UNSIGNED NOT NULL AUTO_INCREMENT,
  `report_id` bigint UNSIGNED NULL DEFAULT NULL COMMENT '所属报告ID',
  `execute_state` tinyint UNSIGNED NULL DEFAULT 0 COMMENT '执行状态',
  `assertion_state` tinyint UNSIGNED NULL DEFAULT 0 COMMENT '断言状态',
  `exception_msg` longtext CHARACTER SET utf8mb4 COLLATE utf8mb4_general_ci NULL COMMENT '异常信息',
  `expand_time` bigint UNSIGNED NULL DEFAULT NULL COMMENT '消耗时间',
  `case_id` bigint UNSIGNED NULL DEFAULT NULL COMMENT '所属UI用例ID',
  `num` bigint UNSIGNED NULL DEFAULT NULL COMMENT '序号',
  `name` varchar(100) CHARACTER SET utf8mb4 COLLATE utf8mb4_general_ci NULL DEFAULT NULL COMMENT '步骤名称',
  `operation_type` varchar(50) CHARACTER SET utf8mb4 COLLATE utf8mb4_general_ci NULL DEFAULT NULL COMMENT '步骤操作类型',
  `location_type` varchar(50) CHARACTER SET utf8mb4 COLLATE utf8mb4_general_ci NULL DEFAULT NULL COMMENT 'UI元素定位类型',
  `location_express` varchar(500) CHARACTER SET utf8mb4 COLLATE utf8mb4_general_ci NULL DEFAULT NULL COMMENT 'UI元素定位表达式',
  `element_wait` bigint UNSIGNED NULL DEFAULT NULL COMMENT '元素查找最长等待时间',
  `target_location_type` varchar(50) CHARACTER SET utf8mb4 COLLATE utf8mb4_general_ci NULL DEFAULT NULL COMMENT '目标UI元素定位类型',
  `target_location_express` varchar(500) CHARACTER SET utf8mb4 COLLATE utf8mb4_general_ci NULL DEFAULT NULL COMMENT '目标UI元素定位表达式',
  `target_element_wait` bigint UNSIGNED NULL DEFAULT NULL COMMENT '目标元素查找最长等待时间',
  `value` varchar(1000) CHARACTER SET utf8mb4 COLLATE utf8mb4_general_ci NULL DEFAULT NULL COMMENT '步骤值',
  `expect_key` varchar(1000) CHARACTER SET utf8mb4 COLLATE utf8mb4_general_ci NULL DEFAULT NULL COMMENT '预期属性',
  `expect_value` varchar(1000) CHARACTER SET utf8mb4 COLLATE utf8mb4_general_ci NULL DEFAULT NULL COMMENT '预期值',
  `description` varchar(1000) CHARACTER SET utf8mb4 COLLATE utf8mb4_general_ci NULL DEFAULT NULL COMMENT '步骤描述',
  `is_continue` tinyint UNSIGNED NULL DEFAULT NULL COMMENT '断言失败是否继续执行',
  `is_screenshot` tinyint UNSIGNED NULL DEFAULT NULL COMMENT '是否截图',
  `screenshot_url` varchar(1024) CHARACTER SET utf8mb4 COLLATE utf8mb4_general_ci NULL DEFAULT NULL COMMENT '截图url',
  `gmt_create` datetime NULL DEFAULT CURRENT_TIMESTAMP,
  `gmt_modified` datetime NULL DEFAULT CURRENT_TIMESTAMP ON UPDATE CURRENT_TIMESTAMP,
  PRIMARY KEY (`id`) USING BTREE
) ENGINE = InnoDB AUTO_INCREMENT = 481 CHARACTER SET = utf8mb4 COLLATE = utf8mb4_general_ci ROW_FORMAT = Dynamic;

-- ----------------------------
-- Records of report_detail_ui
-- ----------------------------
INSERT INTO `report_detail_ui` VALUES (165, 235, 1, 1, NULL, NULL, 18, 0, '打开窗口', 'BROWSER_OPEN', '', '', 0, '', '', 0, 'https://www.baidu.com', '', '', '', 0, 0, NULL, '2026-01-21 02:33:16', '2026-01-21 02:33:16');
INSERT INTO `report_detail_ui` VALUES (166, 236, 1, 1, NULL, NULL, 18, 0, '打开窗口', 'BROWSER_OPEN', '', '', 0, '', '', 0, 'https://www.baidu.com', '', '', '', 0, 1, 'http://localhost:9000/bucket/1768970345121-07f1a10a-0ee5-49e1-982e-ba7ed36211a4-screenshot6251477285826383025.png', '2026-01-21 02:33:16', '2026-01-21 12:38:21');
INSERT INTO `report_detail_ui` VALUES (172, 251, 1, 1, NULL, NULL, 16, 0, '打开窗口', 'BROWSER_OPEN', '', '', 0, '', '', 0, 'https://www.baidu.com', '', '', '', 0, 1, 'http://localhost:9000/bucket/1768976452636-73d8e328-7764-436b-8d41-f6c0a04c0a61-screenshot13128350474832715151.png', '2026-01-21 01:31:45', '2026-01-21 02:53:22');
INSERT INTO `report_detail_ui` VALUES (173, 252, 1, 1, NULL, NULL, 16, 0, '打开窗口', 'BROWSER_OPEN', '', '', 0, '', '', 0, 'https://www.baidu.com', '', '', '', 0, 1, 'http://localhost:9000/bucket/1768976772014-ddf5c053-158d-4f5a-b146-84c022264108-screenshot11850740569612774785.png', '2026-01-21 01:31:45', '2026-01-21 02:53:22');
INSERT INTO `report_detail_ui` VALUES (308, 280, 1, 1, NULL, NULL, 19, 0, '打开登录页', 'BROWSER_OPEN', '', '', 0, '', '', 0, 'https://www.saucedemo.com/', '', '', '', 0, 1, 'http://localhost:9000/bucket/1768991548090-b5c8a3d8-b1d4-455d-9f96-12e813f930c6-screenshot314484407910867716.png', '2026-01-21 17:27:54', '2026-01-21 17:27:54');
INSERT INTO `report_detail_ui` VALUES (309, 280, 1, 1, NULL, NULL, 19, 1, '输入账号', 'KEYBOARD_INPUT', 'ID', 'user-name', 0, '', '', 0, 'standard_user', '', '', '', 0, 1, 'http://localhost:9000/bucket/1768991549193-47cf59f9-5398-4241-8f30-ca4ef790186f-screenshot9519932718139499937.png', '2026-01-21 17:28:19', '2026-01-21 17:28:23');
INSERT INTO `report_detail_ui` VALUES (310, 280, 1, 1, NULL, NULL, 19, 2, '输入密码', 'KEYBOARD_INPUT', 'ID', 'password', 0, '', '', 0, 'secret_sauce', '', '', '', 0, 1, 'http://localhost:9000/bucket/1768991549921-03ddd418-4f67-42b3-ab98-654e2538450f-screenshot14791849369275422871.png', '2026-01-21 17:28:50', '2026-01-21 17:28:50');
INSERT INTO `report_detail_ui` VALUES (311, 280, 1, 1, NULL, NULL, 19, 3, '点击登录', 'MOUSE_LEFT_CLICK', 'ID', 'login-button', 0, '', '', 0, '', '', '', '', 0, 1, 'http://localhost:9000/bucket/1768991551266-32d61676-2555-49b6-bbcb-303aeae76299-screenshot13544710205915109360.png', '2026-01-21 17:29:12', '2026-01-21 17:29:12');
INSERT INTO `report_detail_ui` VALUES (312, 280, 1, 1, NULL, NULL, 19, 4, '强制等待', 'WAIT_FORCE', '', '', 0, '', '', 0, '2000', '', '', '', 0, 1, 'http://localhost:9000/bucket/1768991554086-8307867e-04f6-41be-8d2a-101bbc4cf0a2-screenshot10253476778513977056.png', '2026-01-21 17:29:57', '2026-01-21 17:29:57');
INSERT INTO `report_detail_ui` VALUES (313, 280, 1, 1, NULL, NULL, 19, 5, '添加商品到购物车', 'MOUSE_LEFT_CLICK', 'CSS_SELECTOR', 'button[id=\'add-to-cart-sauce-labs-backpack\']', 0, '', '', 0, '', '', '', '', 0, 1, 'http://localhost:9000/bucket/1768991555275-8532622a-5b17-443e-8a24-6b16077e3ab7-screenshot17149529335490908694.png', '2026-01-21 17:30:38', '2026-01-21 17:31:10');
INSERT INTO `report_detail_ui` VALUES (314, 280, 1, 1, NULL, NULL, 19, 6, '进入购物车', 'MOUSE_LEFT_CLICK', 'CSS_SELECTOR', '.shopping_cart_link', 0, '', '', 0, '', '', '', '', 0, 1, 'http://localhost:9000/bucket/1768991556635-44214b31-e8d9-46c9-b30b-06a141cce7eb-screenshot14956648880510254257.png', '2026-01-21 17:31:02', '2026-01-21 18:25:15');
INSERT INTO `report_detail_ui` VALUES (315, 280, 1, 1, NULL, NULL, 19, 7, '强制等待', 'WAIT_FORCE', '', '', 0, '', '', 0, '2000', '', '', '', 0, 1, 'http://localhost:9000/bucket/1768991559323-91c6f53b-f6e0-40c5-8e09-47eaae7bafb6-screenshot3009557290449192436.png', '2026-01-21 17:31:30', '2026-01-21 17:31:30');
INSERT INTO `report_detail_ui` VALUES (316, 280, 1, 1, NULL, NULL, 19, 8, '验证购物车', 'ASSERTION_ELEMENT_EXIST', 'CLASS_NAME', 'cart_item', 0, '', '', 0, '', '', '', '', 0, 1, 'http://localhost:9000/bucket/1768991560413-0cd46f99-6d5e-4ee0-bd8b-7f28ff9baade-screenshot18002194867245431622.png', '2026-01-21 17:32:40', '2026-01-21 17:32:40');
INSERT INTO `report_detail_ui` VALUES (317, 280, 1, 1, NULL, NULL, 19, 9, '结账', 'MOUSE_LEFT_CLICK', 'ID', 'checkout', 0, '', '', 0, '', '', '', '', 0, 1, 'http://localhost:9000/bucket/1768991561165-21e1c8b9-9b61-4ade-a5d8-96678aa7fbe3-screenshot10214914862742816343.png', '2026-01-21 18:31:43', '2026-01-21 18:31:43');
INSERT INTO `report_detail_ui` VALUES (318, 296, 1, 1, NULL, NULL, 19, 0, '打开登录页', 'BROWSER_OPEN', '', '', 0, '', '', 0, 'https://www.saucedemo.com/', '', '', '', 0, 1, 'http://localhost:9000/bucket/1769007689620-0b89c8a3-c6a3-43b5-8de0-d24ee42a586f-screenshot2736106335362872860.png', '2026-01-21 17:27:54', '2026-01-21 17:27:54');
INSERT INTO `report_detail_ui` VALUES (319, 296, 1, 1, NULL, NULL, 19, 1, '输入账号', 'KEYBOARD_INPUT', 'ID', 'user-name', 0, '', '', 0, 'standard_user', '', '', '', 0, 1, 'http://localhost:9000/bucket/1769007690749-ba900add-13f5-436d-85cb-83b169682b0a-screenshot17900085442157480181.png', '2026-01-21 17:28:19', '2026-01-21 17:28:23');
INSERT INTO `report_detail_ui` VALUES (320, 296, 1, 1, NULL, NULL, 19, 2, '输入密码', 'KEYBOARD_INPUT', 'ID', 'password', 0, '', '', 0, 'secret_sauce', '', '', '', 0, 1, 'http://localhost:9000/bucket/1769007691566-b03dfd8b-47a3-44ee-9e02-e552faffca10-screenshot8472913352518209035.png', '2026-01-21 17:28:50', '2026-01-21 17:28:50');
INSERT INTO `report_detail_ui` VALUES (321, 296, 1, 1, NULL, NULL, 19, 3, '点击登录', 'MOUSE_LEFT_CLICK', 'ID', 'login-button', 0, '', '', 0, '', '', '', '', 0, 1, 'http://localhost:9000/bucket/1769007693531-396c015d-723e-4610-b9ef-6230287e020d-screenshot15068089368012776138.png', '2026-01-21 17:29:12', '2026-01-21 17:29:12');
INSERT INTO `report_detail_ui` VALUES (322, 296, 1, 1, NULL, NULL, 19, 4, '强制等待', 'WAIT_FORCE', '', '', 0, '', '', 0, '2000', '', '', '', 0, 1, 'http://localhost:9000/bucket/1769007696586-15b1eebc-b199-4f03-897e-c04bcf4c5388-screenshot5874976097524565345.png', '2026-01-21 17:29:57', '2026-01-21 17:29:57');
INSERT INTO `report_detail_ui` VALUES (323, 296, 0, 0, 'org.openqa.selenium.TimeoutException: Expected condition failed: waiting for presence of element located by: By.cssSelector: button[id=\'add-to-cart-sauce-labs-backpack\'] (tried for 0 second(s) with 500 milliseconds interval)\n	at org.openqa.selenium.support.ui.WebDriverWait.timeoutException(WebDriverWait.java:84)\n	at org.openqa.selenium.support.ui.FluentWait.until(FluentWait.java:230)\n	at com.glen.autotest.util.SeleniumFetchUtil.findElement(SeleniumFetchUtil.java:227)\n	at com.glen.autotest.service.ui.impl.SeleniumDispatcherServiceImpl.mouseOperationDispatcher(SeleniumDispatcherServiceImpl.java:221)\n	at com.glen.autotest.service.ui.impl.SeleniumDispatcherServiceImpl.operationDispatcher(SeleniumDispatcherServiceImpl.java:58)\n	at com.glen.autotest.service.ui.core.UiExecuteEngine.doExecute(UiExecuteEngine.java:155)\n	at com.glen.autotest.service.ui.core.UiExecuteEngine.doExecute(UiExecuteEngine.java:193)\n	at com.glen.autotest.service.ui.core.UiExecuteEngine.doExecute(UiExecuteEngine.java:193)\n	at com.glen.autotest.service.ui.core.UiExecuteEngine.doExecute(UiExecuteEngine.java:193)\n	at com.glen.autotest.service.ui.core.UiExecuteEngine.doExecute(UiExecuteEngine.java:193)\n	at com.glen.autotest.service.ui.core.UiExecuteEngine.doExecute(UiExecuteEngine.java:193)\n	at com.glen.autotest.service.ui.core.UiExecuteEngine.execute(UiExecuteEngine.java:72)\n	at com.glen.autotest.service.ui.impl.UiCaseServiceImpl.execute(UiCaseServiceImpl.java:145)\n	at com.glen.autotest.controller.ui.UiCaseController.execute(UiCaseController.java:63)\n	at java.base/jdk.internal.reflect.NativeMethodAccessorImpl.invoke0(Native Method)\n	at java.base/jdk.internal.reflect.NativeMethodAccessorImpl.invoke(NativeMethodAccessorImpl.java:77)\n	at java.base/jdk.internal.reflect.DelegatingMethodAccessorImpl.invoke(DelegatingMethodAccessorImpl.java:43)\n	at java.base/java.lang.reflect.Method.invoke(Method.java:569)\n	at org.springframework.web.method.support.InvocableHandlerMethod.doInvoke(InvocableHandlerMethod.java:207)\n	at org.springframework.web.method.support.InvocableHandlerMethod.invokeForRequest(InvocableHandlerMethod.java:152)\n	at org.springframework.web.servlet.mvc.method.annotation.ServletInvocableHandlerMethod.invokeAndHandle(ServletInvocableHandlerMethod.java:117)\n	at org.springframework.web.servlet.mvc.method.annotation.RequestMappingHandlerAdapter.invokeHandlerMethod(RequestMappingHandlerAdapter.java:884)\n	at org.springframework.web.servlet.mvc.method.annotation.RequestMappingHandlerAdapter.handleInternal(RequestMappingHandlerAdapter.java:797)\n	at org.springframework.web.servlet.mvc.method.AbstractHandlerMethodAdapter.handle(AbstractHandlerMethodAdapter.java:87)\n	at org.springframework.web.servlet.DispatcherServlet.doDispatch(DispatcherServlet.java:1080)\n	at org.springframework.web.servlet.DispatcherServlet.doService(DispatcherServlet.java:973)\n	at org.springframework.web.servlet.FrameworkServlet.processRequest(FrameworkServlet.java:1011)\n	at org.springframework.web.servlet.FrameworkServlet.doGet(FrameworkServlet.java:903)\n	at jakarta.servlet.http.HttpServlet.service(HttpServlet.java:705)\n	at org.springframework.web.servlet.FrameworkServlet.service(FrameworkServlet.java:885)\n	at jakarta.servlet.http.HttpServlet.service(HttpServlet.java:814)\n	at org.apache.catalina.core.ApplicationFilterChain.internalDoFilter(ApplicationFilterChain.java:223)\n	at org.apache.catalina.core.ApplicationFilterChain.doFilter(ApplicationFilterChain.java:158)\n	at org.apache.tomcat.websocket.server.WsFilter.doFilter(WsFilter.java:53)\n	at org.apache.catalina.core.ApplicationFilterChain.internalDoFilter(ApplicationFilterChain.java:185)\n	at org.apache.catalina.core.ApplicationFilterChain.doFilter(ApplicationFilterChain.java:158)\n	at org.springframework.web.filter.RequestContextFilter.doFilterInternal(RequestContextFilter.java:100)\n	at org.springframework.web.filter.OncePerRequestFilter.doFilter(OncePerRequestFilter.java:116)\n	at org.apache.catalina.core.ApplicationFilterChain.internalDoFilter(ApplicationFilterChain.java:185)\n	at org.apache.catalina.core.ApplicationFilterChain.doFilter(ApplicationFilterChain.java:158)\n	at cn.dev33.satoken.filter.SaPathCheckFilterForJakartaServlet.doFilter(SaPathCheckFilterForJakartaServlet.java:55)\n	at org.apache.catalina.core.ApplicationFilterChain.internalDoFilter(ApplicationFilterChain.java:185)\n	at org.apache.catalina.core.ApplicationFilterChain.doFilter(ApplicationFilterChain.java:158)\n	at org.springframework.web.filter.FormContentFilter.doFilterInternal(FormContentFilter.java:93)\n	at org.springframework.web.filter.OncePerRequestFilter.doFilter(OncePerRequestFilter.java:116)\n	at org.apache.catalina.core.ApplicationFilterChain.internalDoFilter(ApplicationFilterChain.java:185)\n	at org.apache.catalina.core.ApplicationFilterChain.doFilter(ApplicationFilterChain.java:158)\n	at org.springframework.web.filter.ServerHttpObservationFilter.doFilterInternal(ServerHttpObservationFilter.java:109)\n	at org.springframework.web.filter.OncePerRequestFilter.doFilter(OncePerRequestFilter.java:116)\n	at org.apache.catalina.core.ApplicationFilterChain.internalDoFilter(ApplicationFilterChain.java:185)\n	at org.apache.catalina.core.ApplicationFilterChain.doFilter(ApplicationFilterChain.java:158)\n	at org.springframework.web.filter.CharacterEncodingFilter.doFilterInternal(CharacterEncodingFilter.java:201)\n	at org.springframework.web.filter.OncePerRequestFilter.doFilter(OncePerRequestFilter.java:116)\n	at org.apache.catalina.core.ApplicationFilterChain.internalDoFilter(ApplicationFilterChain.java:185)\n	at org.apache.catalina.core.ApplicationFilterChain.doFilter(ApplicationFilterChain.java:158)\n	at org.apache.catalina.core.StandardWrapperValve.invoke(StandardWrapperValve.java:177)\n	at org.apache.catalina.core.StandardContextValve.invoke(StandardContextValve.java:97)\n	at org.apache.catalina.authenticator.AuthenticatorBase.invoke(AuthenticatorBase.java:542)\n	at org.apache.catalina.core.StandardHostValve.invoke(StandardHostValve.java:119)\n	at org.apache.catalina.valves.ErrorReportValve.invoke(ErrorReportValve.java:92)\n	at org.apache.catalina.core.StandardEngineValve.invoke(StandardEngineValve.java:78)\n	at org.apache.catalina.connector.CoyoteAdapter.service(CoyoteAdapter.java:357)\n	at org.apache.coyote.http11.Http11Processor.service(Http11Processor.java:400)\n	at org.apache.coyote.AbstractProcessorLight.process(AbstractProcessorLight.java:65)\n	at org.apache.coyote.AbstractProtocol$ConnectionHandler.process(AbstractProtocol.java:859)\n	at org.apache.tomcat.util.net.NioEndpoint$SocketProcessor.doRun(NioEndpoint.java:1734)\n	at org.apache.tomcat.util.net.SocketProcessorBase.run(SocketProcessorBase.java:52)\n	at org.apache.tomcat.util.threads.ThreadPoolExecutor.runWorker(ThreadPoolExecutor.java:1191)\n	at org.apache.tomcat.util.threads.ThreadPoolExecutor$Worker.run(ThreadPoolExecutor.java:659)\n	at org.apache.tomcat.util.threads.TaskThread$WrappingRunnable.run(TaskThread.java:61)\n	at java.base/java.lang.Thread.run(Thread.java:840)\nCaused by: org.openqa.selenium.NoSuchElementException: no such element: Unable to locate element: {\"method\":\"css selector\",\"selector\":\"button[id=\'add-to-cart-sauce-labs-backpack\']\"}\n  (Session info: chrome=144.0.7559.59)\nFor documentation on this error, please visit: https://www.selenium.dev/documentation/webdriver/troubleshooting/errors#no-such-element-exception\nBuild info: version: \'4.10.0\', revision: \'c14d967899\'\nSystem info: os.name: \'Linux\', os.arch: \'amd64\', os.version: \'6.6.87.2-microsoft-standard-WSL2\', java.version: \'17.0.17\'\nDriver info: org.openqa.selenium.chrome.ChromeDriver\nCommand: [3321769cd9a1b385739a9beabe5cc8f4, findElement {using=css selector, value=button[id=\'add-to-cart-sauce-labs-backpack\']}]\nCapabilities {acceptInsecureCerts: false, browserName: chrome, browserVersion: 144.0.7559.59, chrome: {chromedriverVersion: 144.0.7559.59 (cd1d73dd77da..., userDataDir: /home/hinkad/.glenautotest/...}, fedcm:accounts: true, goog:chromeOptions: {debuggerAddress: localhost:35619}, goog:processID: 24013, networkConnectionEnabled: false, pageLoadStrategy: normal, platformName: linux, proxy: Proxy(), se:cdp: ws://localhost:35619/devtoo..., se:cdpVersion: 144.0.7559.59, setWindowRect: true, strictFileInteractability: false, timeouts: {implicit: 0, pageLoad: 300000, script: 30000}, unhandledPromptBehavior: dismiss and notify, webauthn:extension:credBlob: true, webauthn:extension:largeBlob: true, webauthn:extension:minPinLength: true, webauthn:extension:prf: true, webauthn:virtualAuthenticators: true}\nSession ID: 3321769cd9a1b385739a9beabe5cc8f4\n	at java.base/jdk.internal.reflect.NativeConstructorAccessorImpl.newInstance0(Native Method)\n	at java.base/jdk.internal.reflect.NativeConstructorAccessorImpl.newInstance(NativeConstructorAccessorImpl.java:77)\n	at java.base/jdk.internal.reflect.DelegatingConstructorAccessorImpl.newInstance(DelegatingConstructorAccessorImpl.java:45)\n	at java.base/java.lang.reflect.Constructor.newInstanceWithCaller(Constructor.java:500)\n	at java.base/java.lang.reflect.Constructor.newInstance(Constructor.java:481)\n	at org.openqa.selenium.remote.codec.w3c.W3CHttpResponseCodec.createException(W3CHttpResponseCodec.java:199)\n	at org.openqa.selenium.remote.codec.w3c.W3CHttpResponseCodec.decode(W3CHttpResponseCodec.java:132)\n	at org.openqa.selenium.remote.codec.w3c.W3CHttpResponseCodec.decode(W3CHttpResponseCodec.java:51)\n	at org.openqa.selenium.remote.HttpCommandExecutor.execute(HttpCommandExecutor.java:191)\n	at org.openqa.selenium.remote.service.DriverCommandExecutor.invokeExecute(DriverCommandExecutor.java:196)\n	at org.openqa.selenium.remote.service.DriverCommandExecutor.execute(DriverCommandExecutor.java:171)\n	at org.openqa.selenium.remote.RemoteWebDriver.execute(RemoteWebDriver.java:531)\n	at org.openqa.selenium.remote.ElementLocation$ElementFinder$2.findElement(ElementLocation.java:165)\n	at org.openqa.selenium.remote.ElementLocation.findElement(ElementLocation.java:59)\n	at org.openqa.selenium.remote.RemoteWebDriver.findElement(RemoteWebDriver.java:350)\n	at org.openqa.selenium.remote.RemoteWebDriver.findElement(RemoteWebDriver.java:344)\n	at org.openqa.selenium.support.ui.ExpectedConditions$6.apply(ExpectedConditions.java:171)\n	at org.openqa.selenium.support.ui.ExpectedConditions$6.apply(ExpectedConditions.java:168)\n	at org.openqa.selenium.support.ui.FluentWait.until(FluentWait.java:205)\n	... 69 more\n', NULL, 19, 5, '添加商品到购物车', 'MOUSE_LEFT_CLICK', 'CSS_SELECTOR', 'button[id=\'add-to-cart-sauce-labs-backpack\']', 0, '', '', 0, '', '', '', '', 0, 1, 'http://localhost:9000/bucket/1769007697451-d50c2fc9-9f2f-4438-a207-a86c839d9e7f-screenshot7891169994081237427.png', '2026-01-21 17:30:38', '2026-01-21 17:31:10');
INSERT INTO `report_detail_ui` VALUES (441, 332, 1, 1, NULL, NULL, 19, 0, '打开登录页', 'BROWSER_OPEN', '', '', 0, '', '', 0, 'https://www.saucedemo.com/', '', '', '', 0, 1, 'http://localhost:9000/bucket/1769174777151-2d27728b-de6c-4ceb-9e7d-a741dae0dc0c-screenshot12367479741784043707.png', '2026-01-21 17:27:54', '2026-01-21 17:27:54');
INSERT INTO `report_detail_ui` VALUES (442, 332, 1, 1, NULL, NULL, 19, 1, '输入账号', 'KEYBOARD_INPUT', 'ID', 'user-name', 0, '', '', 0, 'standard_user', '', '', '', 0, 1, 'http://localhost:9000/bucket/1769174777989-9f68b37d-d310-474b-bd96-c3fc4828920e-screenshot1137163902685791100.png', '2026-01-21 17:28:19', '2026-01-21 17:28:23');
INSERT INTO `report_detail_ui` VALUES (443, 332, 1, 1, NULL, NULL, 19, 2, '输入密码', 'KEYBOARD_INPUT', 'ID', 'password', 0, '', '', 0, 'secret_sauce', '', '', '', 0, 1, 'http://localhost:9000/bucket/1769174778624-d98157c8-fd04-40eb-b013-3a224b07463f-screenshot5071826592715046738.png', '2026-01-21 17:28:50', '2026-01-21 17:28:50');
INSERT INTO `report_detail_ui` VALUES (444, 332, 1, 1, NULL, NULL, 19, 3, '点击登录', 'MOUSE_LEFT_CLICK', 'ID', 'login-button', 0, '', '', 0, '', '', '', '', 0, 1, 'http://localhost:9000/bucket/1769174780338-155d5903-438e-44ac-8483-519fa10b47e1-screenshot11434823436898211356.png', '2026-01-21 17:29:12', '2026-01-21 17:29:12');
INSERT INTO `report_detail_ui` VALUES (445, 332, 1, 1, NULL, NULL, 19, 4, '强制等待', 'WAIT_FORCE', '', '', 0, '', '', 0, '2000', '', '', '', 0, 1, 'http://localhost:9000/bucket/1769174782955-36cddbb1-b5ee-4c13-91f5-5c5ccebc63fb-screenshot13232351601342037707.png', '2026-01-21 17:29:57', '2026-01-21 23:04:58');
INSERT INTO `report_detail_ui` VALUES (446, 332, 1, 1, NULL, NULL, 19, 5, '添加商品到购物车', 'MOUSE_LEFT_CLICK', 'CSS_SELECTOR', 'button[id=\'add-to-cart-sauce-labs-backpack\']', 0, '', '', 0, '', '', '', '', 0, 1, 'http://localhost:9000/bucket/1769174784121-3566f951-63a5-4d74-83ee-4da6f47e0bf5-screenshot2514503930643178319.png', '2026-01-21 17:30:38', '2026-01-21 17:31:10');
INSERT INTO `report_detail_ui` VALUES (447, 332, 1, 1, NULL, NULL, 19, 6, '进入购物车', 'MOUSE_LEFT_CLICK', 'CSS_SELECTOR', '.shopping_cart_link', 0, '', '', 0, '', '', '', '', 0, 1, 'http://localhost:9000/bucket/1769174784902-70efb451-cdfe-4ec1-89d1-6baa027d3a6c-screenshot12869916305752558779.png', '2026-01-21 17:31:02', '2026-01-21 18:25:15');
INSERT INTO `report_detail_ui` VALUES (448, 332, 1, 1, NULL, NULL, 19, 7, '强制等待', 'WAIT_FORCE', '', '', 0, '', '', 0, '2000', '', '', '', 0, 1, 'http://localhost:9000/bucket/1769174787100-5239abd0-0ded-48c0-a80b-0c2334aeea27-screenshot6534814006445159363.png', '2026-01-21 17:31:30', '2026-01-21 17:31:30');
INSERT INTO `report_detail_ui` VALUES (449, 332, 1, 1, NULL, NULL, 19, 8, '验证购物车', 'ASSERTION_ELEMENT_EXIST', 'CLASS_NAME', 'cart_item', 0, '', '', 0, '', '', '', '', 0, 1, 'http://localhost:9000/bucket/1769174787288-1a85837d-4fc6-4507-9c16-c21ff4418480-screenshot8755884582480852224.png', '2026-01-21 17:32:40', '2026-01-21 17:32:40');
INSERT INTO `report_detail_ui` VALUES (450, 332, 1, 1, NULL, NULL, 19, 9, '结账', 'MOUSE_LEFT_CLICK', 'ID', 'checkout', 0, '', '', 0, '', '', '', '', 0, 1, 'http://localhost:9000/bucket/1769174787635-17623418-68ec-482e-9ec9-bc17161c5b39-screenshot8951412060576385607.png', '2026-01-21 18:31:43', '2026-01-21 18:31:43');
INSERT INTO `report_detail_ui` VALUES (451, 332, 1, 1, NULL, NULL, 19, 10, '输入名字', 'KEYBOARD_INPUT', 'ID', 'first-name', 0, '', '', 0, '李', '', '', '', 0, 0, NULL, '2026-01-22 15:35:14', '2026-01-22 15:35:14');
INSERT INTO `report_detail_ui` VALUES (452, 332, 0, 0, 'org.openqa.selenium.TimeoutException: Expected condition failed: waiting for presence of element located by: By.id: 123 (tried for 0 second(s) with 500 milliseconds interval)\n	at org.openqa.selenium.support.ui.WebDriverWait.timeoutException(WebDriverWait.java:84)\n	at org.openqa.selenium.support.ui.FluentWait.until(FluentWait.java:230)\n	at com.glen.autotest.util.SeleniumFetchUtil.findElement(SeleniumFetchUtil.java:219)\n	at com.glen.autotest.service.ui.impl.SeleniumDispatcherServiceImpl.mouseOperationDispatcher(SeleniumDispatcherServiceImpl.java:221)\n	at com.glen.autotest.service.ui.impl.SeleniumDispatcherServiceImpl.operationDispatcher(SeleniumDispatcherServiceImpl.java:58)\n	at com.glen.autotest.service.ui.core.UiExecuteEngine.doExecute(UiExecuteEngine.java:155)\n	at com.glen.autotest.service.ui.core.UiExecuteEngine.doExecute(UiExecuteEngine.java:193)\n	at com.glen.autotest.service.ui.core.UiExecuteEngine.doExecute(UiExecuteEngine.java:193)\n	at com.glen.autotest.service.ui.core.UiExecuteEngine.doExecute(UiExecuteEngine.java:193)\n	at com.glen.autotest.service.ui.core.UiExecuteEngine.doExecute(UiExecuteEngine.java:193)\n	at com.glen.autotest.service.ui.core.UiExecuteEngine.doExecute(UiExecuteEngine.java:193)\n	at com.glen.autotest.service.ui.core.UiExecuteEngine.doExecute(UiExecuteEngine.java:193)\n	at com.glen.autotest.service.ui.core.UiExecuteEngine.doExecute(UiExecuteEngine.java:193)\n	at com.glen.autotest.service.ui.core.UiExecuteEngine.doExecute(UiExecuteEngine.java:193)\n	at com.glen.autotest.service.ui.core.UiExecuteEngine.doExecute(UiExecuteEngine.java:193)\n	at com.glen.autotest.service.ui.core.UiExecuteEngine.doExecute(UiExecuteEngine.java:193)\n	at com.glen.autotest.service.ui.core.UiExecuteEngine.doExecute(UiExecuteEngine.java:193)\n	at com.glen.autotest.service.ui.core.UiExecuteEngine.execute(UiExecuteEngine.java:72)\n	at com.glen.autotest.service.ui.impl.UiCaseServiceImpl.execute(UiCaseServiceImpl.java:145)\n	at com.glen.autotest.controller.ui.UiCaseController.execute(UiCaseController.java:63)\n	at java.base/jdk.internal.reflect.NativeMethodAccessorImpl.invoke0(Native Method)\n	at java.base/jdk.internal.reflect.NativeMethodAccessorImpl.invoke(NativeMethodAccessorImpl.java:77)\n	at java.base/jdk.internal.reflect.DelegatingMethodAccessorImpl.invoke(DelegatingMethodAccessorImpl.java:43)\n	at java.base/java.lang.reflect.Method.invoke(Method.java:569)\n	at org.springframework.web.method.support.InvocableHandlerMethod.doInvoke(InvocableHandlerMethod.java:207)\n	at org.springframework.web.method.support.InvocableHandlerMethod.invokeForRequest(InvocableHandlerMethod.java:152)\n	at org.springframework.web.servlet.mvc.method.annotation.ServletInvocableHandlerMethod.invokeAndHandle(ServletInvocableHandlerMethod.java:117)\n	at org.springframework.web.servlet.mvc.method.annotation.RequestMappingHandlerAdapter.invokeHandlerMethod(RequestMappingHandlerAdapter.java:884)\n	at org.springframework.web.servlet.mvc.method.annotation.RequestMappingHandlerAdapter.handleInternal(RequestMappingHandlerAdapter.java:797)\n	at org.springframework.web.servlet.mvc.method.AbstractHandlerMethodAdapter.handle(AbstractHandlerMethodAdapter.java:87)\n	at org.springframework.web.servlet.DispatcherServlet.doDispatch(DispatcherServlet.java:1080)\n	at org.springframework.web.servlet.DispatcherServlet.doService(DispatcherServlet.java:973)\n	at org.springframework.web.servlet.FrameworkServlet.processRequest(FrameworkServlet.java:1011)\n	at org.springframework.web.servlet.FrameworkServlet.doGet(FrameworkServlet.java:903)\n	at jakarta.servlet.http.HttpServlet.service(HttpServlet.java:705)\n	at org.springframework.web.servlet.FrameworkServlet.service(FrameworkServlet.java:885)\n	at jakarta.servlet.http.HttpServlet.service(HttpServlet.java:814)\n	at org.apache.catalina.core.ApplicationFilterChain.internalDoFilter(ApplicationFilterChain.java:223)\n	at org.apache.catalina.core.ApplicationFilterChain.doFilter(ApplicationFilterChain.java:158)\n	at org.apache.tomcat.websocket.server.WsFilter.doFilter(WsFilter.java:53)\n	at org.apache.catalina.core.ApplicationFilterChain.internalDoFilter(ApplicationFilterChain.java:185)\n	at org.apache.catalina.core.ApplicationFilterChain.doFilter(ApplicationFilterChain.java:158)\n	at org.springframework.web.filter.RequestContextFilter.doFilterInternal(RequestContextFilter.java:100)\n	at org.springframework.web.filter.OncePerRequestFilter.doFilter(OncePerRequestFilter.java:116)\n	at org.apache.catalina.core.ApplicationFilterChain.internalDoFilter(ApplicationFilterChain.java:185)\n	at org.apache.catalina.core.ApplicationFilterChain.doFilter(ApplicationFilterChain.java:158)\n	at cn.dev33.satoken.filter.SaPathCheckFilterForJakartaServlet.doFilter(SaPathCheckFilterForJakartaServlet.java:55)\n	at org.apache.catalina.core.ApplicationFilterChain.internalDoFilter(ApplicationFilterChain.java:185)\n	at org.apache.catalina.core.ApplicationFilterChain.doFilter(ApplicationFilterChain.java:158)\n	at org.springframework.web.filter.FormContentFilter.doFilterInternal(FormContentFilter.java:93)\n	at org.springframework.web.filter.OncePerRequestFilter.doFilter(OncePerRequestFilter.java:116)\n	at org.apache.catalina.core.ApplicationFilterChain.internalDoFilter(ApplicationFilterChain.java:185)\n	at org.apache.catalina.core.ApplicationFilterChain.doFilter(ApplicationFilterChain.java:158)\n	at org.springframework.web.filter.ServerHttpObservationFilter.doFilterInternal(ServerHttpObservationFilter.java:109)\n	at org.springframework.web.filter.OncePerRequestFilter.doFilter(OncePerRequestFilter.java:116)\n	at org.apache.catalina.core.ApplicationFilterChain.internalDoFilter(ApplicationFilterChain.java:185)\n	at org.apache.catalina.core.ApplicationFilterChain.doFilter(ApplicationFilterChain.java:158)\n	at org.springframework.web.filter.CharacterEncodingFilter.doFilterInternal(CharacterEncodingFilter.java:201)\n	at org.springframework.web.filter.OncePerRequestFilter.doFilter(OncePerRequestFilter.java:116)\n	at org.apache.catalina.core.ApplicationFilterChain.internalDoFilter(ApplicationFilterChain.java:185)\n	at org.apache.catalina.core.ApplicationFilterChain.doFilter(ApplicationFilterChain.java:158)\n	at org.apache.catalina.core.StandardWrapperValve.invoke(StandardWrapperValve.java:177)\n	at org.apache.catalina.core.StandardContextValve.invoke(StandardContextValve.java:97)\n	at org.apache.catalina.authenticator.AuthenticatorBase.invoke(AuthenticatorBase.java:542)\n	at org.apache.catalina.core.StandardHostValve.invoke(StandardHostValve.java:119)\n	at org.apache.catalina.valves.ErrorReportValve.invoke(ErrorReportValve.java:92)\n	at org.apache.catalina.core.StandardEngineValve.invoke(StandardEngineValve.java:78)\n	at org.apache.catalina.connector.CoyoteAdapter.service(CoyoteAdapter.java:357)\n	at org.apache.coyote.http11.Http11Processor.service(Http11Processor.java:400)\n	at org.apache.coyote.AbstractProcessorLight.process(AbstractProcessorLight.java:65)\n	at org.apache.coyote.AbstractProtocol$ConnectionHandler.process(AbstractProtocol.java:859)\n	at org.apache.tomcat.util.net.NioEndpoint$SocketProcessor.doRun(NioEndpoint.java:1734)\n	at org.apache.tomcat.util.net.SocketProcessorBase.run(SocketProcessorBase.java:52)\n	at org.apache.tomcat.util.threads.ThreadPoolExecutor.runWorker(ThreadPoolExecutor.java:1191)\n	at org.apache.tomcat.util.threads.ThreadPoolExecutor$Worker.run(ThreadPoolExecutor.java:659)\n	at org.apache.tomcat.util.threads.TaskThread$WrappingRunnable.run(TaskThread.java:61)\n	at java.base/java.lang.Thread.run(Thread.java:840)\nCaused by: org.openqa.selenium.NoSuchElementException: no such element: Unable to locate element: {\"method\":\"css selector\",\"selector\":\"#\\31 23\"}\n  (Session info: chrome=144.0.7559.59)\nFor documentation on this error, please visit: https://www.selenium.dev/documentation/webdriver/troubleshooting/errors#no-such-element-exception\nBuild info: version: \'4.10.0\', revision: \'c14d967899\'\nSystem info: os.name: \'Linux\', os.arch: \'amd64\', os.version: \'6.6.87.2-microsoft-standard-WSL2\', java.version: \'17.0.17\'\nDriver info: org.openqa.selenium.chrome.ChromeDriver\nCommand: [46bf11797c052c2b9fa04be6d3798c22, findElement {using=id, value=123}]\nCapabilities {acceptInsecureCerts: false, browserName: chrome, browserVersion: 144.0.7559.59, chrome: {chromedriverVersion: 144.0.7559.59 (cd1d73dd77da..., userDataDir: /home/hinkad/.glenautotest/...}, fedcm:accounts: true, goog:chromeOptions: {debuggerAddress: localhost:39451}, goog:processID: 31556, networkConnectionEnabled: false, pageLoadStrategy: normal, platformName: linux, proxy: Proxy(), se:cdp: ws://localhost:39451/devtoo..., se:cdpVersion: 144.0.7559.59, setWindowRect: true, strictFileInteractability: false, timeouts: {implicit: 0, pageLoad: 300000, script: 30000}, unhandledPromptBehavior: dismiss and notify, webauthn:extension:credBlob: true, webauthn:extension:largeBlob: true, webauthn:extension:minPinLength: true, webauthn:extension:prf: true, webauthn:virtualAuthenticators: true}\nSession ID: 46bf11797c052c2b9fa04be6d3798c22\n	at java.base/jdk.internal.reflect.NativeConstructorAccessorImpl.newInstance0(Native Method)\n	at java.base/jdk.internal.reflect.NativeConstructorAccessorImpl.newInstance(NativeConstructorAccessorImpl.java:77)\n	at java.base/jdk.internal.reflect.DelegatingConstructorAccessorImpl.newInstance(DelegatingConstructorAccessorImpl.java:45)\n	at java.base/java.lang.reflect.Constructor.newInstanceWithCaller(Constructor.java:500)\n	at java.base/java.lang.reflect.Constructor.newInstance(Constructor.java:481)\n	at org.openqa.selenium.remote.codec.w3c.W3CHttpResponseCodec.createException(W3CHttpResponseCodec.java:199)\n	at org.openqa.selenium.remote.codec.w3c.W3CHttpResponseCodec.decode(W3CHttpResponseCodec.java:132)\n	at org.openqa.selenium.remote.codec.w3c.W3CHttpResponseCodec.decode(W3CHttpResponseCodec.java:51)\n	at org.openqa.selenium.remote.HttpCommandExecutor.execute(HttpCommandExecutor.java:191)\n	at org.openqa.selenium.remote.service.DriverCommandExecutor.invokeExecute(DriverCommandExecutor.java:196)\n	at org.openqa.selenium.remote.service.DriverCommandExecutor.execute(DriverCommandExecutor.java:171)\n	at org.openqa.selenium.remote.RemoteWebDriver.execute(RemoteWebDriver.java:531)\n	at org.openqa.selenium.remote.ElementLocation$ElementFinder$2.findElement(ElementLocation.java:165)\n	at org.openqa.selenium.remote.ElementLocation.findElement(ElementLocation.java:59)\n	at org.openqa.selenium.remote.RemoteWebDriver.findElement(RemoteWebDriver.java:350)\n	at org.openqa.selenium.remote.RemoteWebDriver.findElement(RemoteWebDriver.java:344)\n	at org.openqa.selenium.support.ui.ExpectedConditions$6.apply(ExpectedConditions.java:171)\n	at org.openqa.selenium.support.ui.ExpectedConditions$6.apply(ExpectedConditions.java:168)\n	at org.openqa.selenium.support.ui.FluentWait.until(FluentWait.java:205)\n	... 75 more\n', NULL, 19, 11, '默认名称', 'MOUSE_LEFT_CLICK', 'ID', '123', 0, '', '', 0, '', '', '', '', 0, 0, NULL, '2026-01-23 16:25:41', '2026-01-23 16:25:41');
INSERT INTO `report_detail_ui` VALUES (453, 333, 1, 1, NULL, NULL, 19, 0, '打开登录页', 'BROWSER_OPEN', '', '', 0, '', '', 0, 'https://www.saucedemo.com/', '', '', '', 0, 1, 'http://localhost:9000/bucket/1769175207854-3cc59cf1-6c17-46b9-a0ba-f47dd3ba8ae1-screenshot16535853633646036914.png', '2026-01-21 17:27:54', '2026-01-21 17:27:54');
INSERT INTO `report_detail_ui` VALUES (454, 333, 1, 1, NULL, NULL, 19, 1, '输入账号', 'KEYBOARD_INPUT', 'ID', 'user-name', 0, '', '', 0, 'standard_user', '', '', '', 0, 1, 'http://localhost:9000/bucket/1769175208497-c4798bc1-7335-4372-b97a-d1bd3ddc7c36-screenshot16408588968283241765.png', '2026-01-21 17:28:19', '2026-01-21 17:28:23');
INSERT INTO `report_detail_ui` VALUES (455, 333, 1, 1, NULL, NULL, 19, 2, '输入密码', 'KEYBOARD_INPUT', 'ID', 'password', 0, '', '', 0, 'secret_sauce', '', '', '', 0, 1, 'http://localhost:9000/bucket/1769175209099-52eea6b5-3ecb-4c1e-812f-2b7a994e8f08-screenshot18069956336250540607.png', '2026-01-21 17:28:50', '2026-01-21 17:28:50');
INSERT INTO `report_detail_ui` VALUES (456, 333, 1, 1, NULL, NULL, 19, 3, '点击登录', 'MOUSE_LEFT_CLICK', 'ID', 'login-button', 0, '', '', 0, '', '', '', '', 0, 1, 'http://localhost:9000/bucket/1769175210242-1780ea0c-b10e-4f5a-986f-e0c7ccf5ee5b-screenshot10013581901876749842.png', '2026-01-21 17:29:12', '2026-01-21 17:29:12');
INSERT INTO `report_detail_ui` VALUES (457, 333, 1, 1, NULL, NULL, 19, 4, '强制等待', 'WAIT_FORCE', '', '', 0, '', '', 0, '2000', '', '', '', 0, 1, 'http://localhost:9000/bucket/1769175212635-c61dd715-1843-4bcc-909e-4803a6ca0664-screenshot16379509541863698987.png', '2026-01-21 17:29:57', '2026-01-21 23:04:58');
INSERT INTO `report_detail_ui` VALUES (458, 333, 1, 1, NULL, NULL, 19, 5, '添加商品到购物车', 'MOUSE_LEFT_CLICK', 'CSS_SELECTOR', '#add-to-cart-sauce-labs-backpack', 0, '', '', 0, '', '', '', '', 0, 1, 'http://localhost:9000/bucket/1769175213207-f14a9b94-8dc7-4b63-a006-8ee2aae8894c-screenshot17716965027991551341.png', '2026-01-21 17:30:38', '2026-01-23 21:33:16');
INSERT INTO `report_detail_ui` VALUES (459, 333, 1, 1, NULL, NULL, 19, 6, '进入购物车', 'MOUSE_LEFT_CLICK', 'CSS_SELECTOR', '.shopping_cart_link', 0, '', '', 0, '', '', '', '', 0, 1, 'http://localhost:9000/bucket/1769175213518-cdfe4ea6-9c5c-4048-84fe-6788538256fc-screenshot11930545384574696862.png', '2026-01-21 17:31:02', '2026-01-21 18:25:15');
INSERT INTO `report_detail_ui` VALUES (460, 333, 1, 1, NULL, NULL, 19, 7, '强制等待', 'WAIT_FORCE', '', '', 0, '', '', 0, '2000', '', '', '', 0, 1, 'http://localhost:9000/bucket/1769175215721-53678822-38a4-4cb7-a915-cc9461cb29a5-screenshot4373504461911974205.png', '2026-01-21 17:31:30', '2026-01-21 17:31:30');
INSERT INTO `report_detail_ui` VALUES (461, 333, 1, 1, NULL, NULL, 19, 8, '验证购物车', 'ASSERTION_ELEMENT_EXIST', 'CLASS_NAME', 'cart_item', 0, '', '', 0, '', '', '', '', 0, 1, 'http://localhost:9000/bucket/1769175215920-fb813bf4-6f16-4968-8d75-6127117e2dc1-screenshot16536146726312085067.png', '2026-01-21 17:32:40', '2026-01-21 17:32:40');
INSERT INTO `report_detail_ui` VALUES (462, 333, 1, 1, NULL, NULL, 19, 9, '结账', 'MOUSE_LEFT_CLICK', 'ID', 'checkout', 0, '', '', 0, '', '', '', '', 0, 1, 'http://localhost:9000/bucket/1769175216208-ed80b67a-8c42-43cd-9f7b-014e5e7418cd-screenshot14235107096928660708.png', '2026-01-21 18:31:43', '2026-01-21 18:31:43');
INSERT INTO `report_detail_ui` VALUES (463, 333, 1, 1, NULL, NULL, 19, 10, '输入名字', 'KEYBOARD_INPUT', 'ID', 'first-name', 0, '', '', 0, '李', '', '', '', 0, 0, NULL, '2026-01-22 15:35:14', '2026-01-22 15:35:14');
INSERT INTO `report_detail_ui` VALUES (464, 334, 1, 1, NULL, NULL, 19, 1, '打开登录页', 'BROWSER_OPEN', '', '', 0, '', '', 0, 'https://www.saucedemo.com/', '', '', '', 0, 1, 'http://localhost:9000/bucket/1769184384279-134f3e48-552a-42cc-9984-f7951125abe9-screenshot212163778057696652.png', '2026-01-21 17:27:54', '2026-01-23 22:35:47');
INSERT INTO `report_detail_ui` VALUES (465, 334, 1, 1, NULL, NULL, 19, 2, '输入账号', 'KEYBOARD_INPUT', 'ID', 'user-name', 0, '', '', 0, 'standard_user', '', '', '', 0, 1, 'http://localhost:9000/bucket/1769184385062-174e8b07-78b7-4076-b2bd-8ebceaa34ef5-screenshot15463794431874800127.png', '2026-01-21 17:28:19', '2026-01-23 22:35:47');
INSERT INTO `report_detail_ui` VALUES (466, 334, 1, 1, NULL, NULL, 19, 3, '输入密码', 'KEYBOARD_INPUT', 'ID', 'password', 0, '', '', 0, 'secret_sauce', '', '', '', 0, 1, 'http://localhost:9000/bucket/1769184385971-a3592c51-4798-467d-a3d0-22ad482b73a6-screenshot10229283462486225277.png', '2026-01-21 17:28:50', '2026-01-23 22:37:35');
INSERT INTO `report_detail_ui` VALUES (467, 334, 1, 1, NULL, NULL, 19, 4, '点击登录', 'MOUSE_LEFT_CLICK', 'ID', 'login-button', 0, '', '', 0, '', '', '', '', 0, 1, 'http://localhost:9000/bucket/1769184387459-7e5cdb82-dd0d-40bc-a720-56b9b5c18dee-screenshot8777135798467407716.png', '2026-01-21 17:29:12', '2026-01-23 22:35:47');
INSERT INTO `report_detail_ui` VALUES (468, 334, 1, 1, NULL, NULL, 19, 5, '强制等待', 'WAIT_FORCE', '', '', 0, '', '', 0, '2000', '', '', '', 0, 1, 'http://localhost:9000/bucket/1769184390056-eb1e03a6-b3bc-4a48-9e70-564462619bca-screenshot13899920653506071215.png', '2026-01-21 17:29:57', '2026-01-23 22:35:47');
INSERT INTO `report_detail_ui` VALUES (469, 334, 0, 0, 'org.openqa.selenium.TimeoutException: Expected condition failed: waiting for presence of element located by: By.id: add-to-cart-sauce-labs-backpack (tried for 0 second(s) with 500 milliseconds interval)\n	at org.openqa.selenium.support.ui.WebDriverWait.timeoutException(WebDriverWait.java:84)\n	at org.openqa.selenium.support.ui.FluentWait.until(FluentWait.java:230)\n	at com.glen.autotest.util.SeleniumFetchUtil.findElement(SeleniumFetchUtil.java:219)\n	at com.glen.autotest.service.ui.impl.SeleniumDispatcherServiceImpl.mouseOperationDispatcher(SeleniumDispatcherServiceImpl.java:221)\n	at com.glen.autotest.service.ui.impl.SeleniumDispatcherServiceImpl.operationDispatcher(SeleniumDispatcherServiceImpl.java:58)\n	at com.glen.autotest.service.ui.core.UiExecuteEngine.doExecute(UiExecuteEngine.java:155)\n	at com.glen.autotest.service.ui.core.UiExecuteEngine.doExecute(UiExecuteEngine.java:193)\n	at com.glen.autotest.service.ui.core.UiExecuteEngine.doExecute(UiExecuteEngine.java:193)\n	at com.glen.autotest.service.ui.core.UiExecuteEngine.doExecute(UiExecuteEngine.java:193)\n	at com.glen.autotest.service.ui.core.UiExecuteEngine.doExecute(UiExecuteEngine.java:193)\n	at com.glen.autotest.service.ui.core.UiExecuteEngine.doExecute(UiExecuteEngine.java:193)\n	at com.glen.autotest.service.ui.core.UiExecuteEngine.execute(UiExecuteEngine.java:72)\n	at com.glen.autotest.service.ui.impl.UiCaseServiceImpl.execute(UiCaseServiceImpl.java:145)\n	at com.glen.autotest.controller.ui.UiCaseController.execute(UiCaseController.java:63)\n	at java.base/jdk.internal.reflect.NativeMethodAccessorImpl.invoke0(Native Method)\n	at java.base/jdk.internal.reflect.NativeMethodAccessorImpl.invoke(NativeMethodAccessorImpl.java:77)\n	at java.base/jdk.internal.reflect.DelegatingMethodAccessorImpl.invoke(DelegatingMethodAccessorImpl.java:43)\n	at java.base/java.lang.reflect.Method.invoke(Method.java:569)\n	at org.springframework.web.method.support.InvocableHandlerMethod.doInvoke(InvocableHandlerMethod.java:207)\n	at org.springframework.web.method.support.InvocableHandlerMethod.invokeForRequest(InvocableHandlerMethod.java:152)\n	at org.springframework.web.servlet.mvc.method.annotation.ServletInvocableHandlerMethod.invokeAndHandle(ServletInvocableHandlerMethod.java:117)\n	at org.springframework.web.servlet.mvc.method.annotation.RequestMappingHandlerAdapter.invokeHandlerMethod(RequestMappingHandlerAdapter.java:884)\n	at org.springframework.web.servlet.mvc.method.annotation.RequestMappingHandlerAdapter.handleInternal(RequestMappingHandlerAdapter.java:797)\n	at org.springframework.web.servlet.mvc.method.AbstractHandlerMethodAdapter.handle(AbstractHandlerMethodAdapter.java:87)\n	at org.springframework.web.servlet.DispatcherServlet.doDispatch(DispatcherServlet.java:1080)\n	at org.springframework.web.servlet.DispatcherServlet.doService(DispatcherServlet.java:973)\n	at org.springframework.web.servlet.FrameworkServlet.processRequest(FrameworkServlet.java:1011)\n	at org.springframework.web.servlet.FrameworkServlet.doGet(FrameworkServlet.java:903)\n	at jakarta.servlet.http.HttpServlet.service(HttpServlet.java:705)\n	at org.springframework.web.servlet.FrameworkServlet.service(FrameworkServlet.java:885)\n	at jakarta.servlet.http.HttpServlet.service(HttpServlet.java:814)\n	at org.apache.catalina.core.ApplicationFilterChain.internalDoFilter(ApplicationFilterChain.java:223)\n	at org.apache.catalina.core.ApplicationFilterChain.doFilter(ApplicationFilterChain.java:158)\n	at org.apache.tomcat.websocket.server.WsFilter.doFilter(WsFilter.java:53)\n	at org.apache.catalina.core.ApplicationFilterChain.internalDoFilter(ApplicationFilterChain.java:185)\n	at org.apache.catalina.core.ApplicationFilterChain.doFilter(ApplicationFilterChain.java:158)\n	at org.springframework.web.filter.RequestContextFilter.doFilterInternal(RequestContextFilter.java:100)\n	at org.springframework.web.filter.OncePerRequestFilter.doFilter(OncePerRequestFilter.java:116)\n	at org.apache.catalina.core.ApplicationFilterChain.internalDoFilter(ApplicationFilterChain.java:185)\n	at org.apache.catalina.core.ApplicationFilterChain.doFilter(ApplicationFilterChain.java:158)\n	at cn.dev33.satoken.filter.SaPathCheckFilterForJakartaServlet.doFilter(SaPathCheckFilterForJakartaServlet.java:55)\n	at org.apache.catalina.core.ApplicationFilterChain.internalDoFilter(ApplicationFilterChain.java:185)\n	at org.apache.catalina.core.ApplicationFilterChain.doFilter(ApplicationFilterChain.java:158)\n	at org.springframework.web.filter.FormContentFilter.doFilterInternal(FormContentFilter.java:93)\n	at org.springframework.web.filter.OncePerRequestFilter.doFilter(OncePerRequestFilter.java:116)\n	at org.apache.catalina.core.ApplicationFilterChain.internalDoFilter(ApplicationFilterChain.java:185)\n	at org.apache.catalina.core.ApplicationFilterChain.doFilter(ApplicationFilterChain.java:158)\n	at org.springframework.web.filter.ServerHttpObservationFilter.doFilterInternal(ServerHttpObservationFilter.java:109)\n	at org.springframework.web.filter.OncePerRequestFilter.doFilter(OncePerRequestFilter.java:116)\n	at org.apache.catalina.core.ApplicationFilterChain.internalDoFilter(ApplicationFilterChain.java:185)\n	at org.apache.catalina.core.ApplicationFilterChain.doFilter(ApplicationFilterChain.java:158)\n	at org.springframework.web.filter.CharacterEncodingFilter.doFilterInternal(CharacterEncodingFilter.java:201)\n	at org.springframework.web.filter.OncePerRequestFilter.doFilter(OncePerRequestFilter.java:116)\n	at org.apache.catalina.core.ApplicationFilterChain.internalDoFilter(ApplicationFilterChain.java:185)\n	at org.apache.catalina.core.ApplicationFilterChain.doFilter(ApplicationFilterChain.java:158)\n	at org.apache.catalina.core.StandardWrapperValve.invoke(StandardWrapperValve.java:177)\n	at org.apache.catalina.core.StandardContextValve.invoke(StandardContextValve.java:97)\n	at org.apache.catalina.authenticator.AuthenticatorBase.invoke(AuthenticatorBase.java:542)\n	at org.apache.catalina.core.StandardHostValve.invoke(StandardHostValve.java:119)\n	at org.apache.catalina.valves.ErrorReportValve.invoke(ErrorReportValve.java:92)\n	at org.apache.catalina.core.StandardEngineValve.invoke(StandardEngineValve.java:78)\n	at org.apache.catalina.connector.CoyoteAdapter.service(CoyoteAdapter.java:357)\n	at org.apache.coyote.http11.Http11Processor.service(Http11Processor.java:400)\n	at org.apache.coyote.AbstractProcessorLight.process(AbstractProcessorLight.java:65)\n	at org.apache.coyote.AbstractProtocol$ConnectionHandler.process(AbstractProtocol.java:859)\n	at org.apache.tomcat.util.net.NioEndpoint$SocketProcessor.doRun(NioEndpoint.java:1734)\n	at org.apache.tomcat.util.net.SocketProcessorBase.run(SocketProcessorBase.java:52)\n	at org.apache.tomcat.util.threads.ThreadPoolExecutor.runWorker(ThreadPoolExecutor.java:1191)\n	at org.apache.tomcat.util.threads.ThreadPoolExecutor$Worker.run(ThreadPoolExecutor.java:659)\n	at org.apache.tomcat.util.threads.TaskThread$WrappingRunnable.run(TaskThread.java:61)\n	at java.base/java.lang.Thread.run(Thread.java:840)\nCaused by: org.openqa.selenium.NoSuchElementException: no such element: Unable to locate element: {\"method\":\"css selector\",\"selector\":\"#add\\-to\\-cart\\-sauce\\-labs\\-backpack\"}\n  (Session info: chrome=144.0.7559.59)\nFor documentation on this error, please visit: https://www.selenium.dev/documentation/webdriver/troubleshooting/errors#no-such-element-exception\nBuild info: version: \'4.10.0\', revision: \'c14d967899\'\nSystem info: os.name: \'Linux\', os.arch: \'amd64\', os.version: \'6.6.87.2-microsoft-standard-WSL2\', java.version: \'17.0.17\'\nDriver info: org.openqa.selenium.chrome.ChromeDriver\nCommand: [cd7fa64c7df38ead5bca771326dc201e, findElement {using=id, value=add-to-cart-sauce-labs-backpack}]\nCapabilities {acceptInsecureCerts: false, browserName: chrome, browserVersion: 144.0.7559.59, chrome: {chromedriverVersion: 144.0.7559.59 (cd1d73dd77da..., userDataDir: /home/hinkad/.glenautotest/...}, fedcm:accounts: true, goog:chromeOptions: {debuggerAddress: localhost:42747}, goog:processID: 56239, networkConnectionEnabled: false, pageLoadStrategy: normal, platformName: linux, proxy: Proxy(), se:cdp: ws://localhost:42747/devtoo..., se:cdpVersion: 144.0.7559.59, setWindowRect: true, strictFileInteractability: false, timeouts: {implicit: 0, pageLoad: 300000, script: 30000}, unhandledPromptBehavior: dismiss and notify, webauthn:extension:credBlob: true, webauthn:extension:largeBlob: true, webauthn:extension:minPinLength: true, webauthn:extension:prf: true, webauthn:virtualAuthenticators: true}\nSession ID: cd7fa64c7df38ead5bca771326dc201e\n	at java.base/jdk.internal.reflect.NativeConstructorAccessorImpl.newInstance0(Native Method)\n	at java.base/jdk.internal.reflect.NativeConstructorAccessorImpl.newInstance(NativeConstructorAccessorImpl.java:77)\n	at java.base/jdk.internal.reflect.DelegatingConstructorAccessorImpl.newInstance(DelegatingConstructorAccessorImpl.java:45)\n	at java.base/java.lang.reflect.Constructor.newInstanceWithCaller(Constructor.java:500)\n	at java.base/java.lang.reflect.Constructor.newInstance(Constructor.java:481)\n	at org.openqa.selenium.remote.codec.w3c.W3CHttpResponseCodec.createException(W3CHttpResponseCodec.java:199)\n	at org.openqa.selenium.remote.codec.w3c.W3CHttpResponseCodec.decode(W3CHttpResponseCodec.java:132)\n	at org.openqa.selenium.remote.codec.w3c.W3CHttpResponseCodec.decode(W3CHttpResponseCodec.java:51)\n	at org.openqa.selenium.remote.HttpCommandExecutor.execute(HttpCommandExecutor.java:191)\n	at org.openqa.selenium.remote.service.DriverCommandExecutor.invokeExecute(DriverCommandExecutor.java:196)\n	at org.openqa.selenium.remote.service.DriverCommandExecutor.execute(DriverCommandExecutor.java:171)\n	at org.openqa.selenium.remote.RemoteWebDriver.execute(RemoteWebDriver.java:531)\n	at org.openqa.selenium.remote.ElementLocation$ElementFinder$2.findElement(ElementLocation.java:165)\n	at org.openqa.selenium.remote.ElementLocation.findElement(ElementLocation.java:59)\n	at org.openqa.selenium.remote.RemoteWebDriver.findElement(RemoteWebDriver.java:350)\n	at org.openqa.selenium.remote.RemoteWebDriver.findElement(RemoteWebDriver.java:344)\n	at org.openqa.selenium.support.ui.ExpectedConditions$6.apply(ExpectedConditions.java:171)\n	at org.openqa.selenium.support.ui.ExpectedConditions$6.apply(ExpectedConditions.java:168)\n	at org.openqa.selenium.support.ui.FluentWait.until(FluentWait.java:205)\n	... 69 more\n', NULL, 19, 6, '添加商品到购物车', 'MOUSE_LEFT_CLICK', 'ID', 'add-to-cart-sauce-labs-backpack', 0, '', '', 0, '', '', '', '', 0, 1, 'http://localhost:9000/bucket/1769184390832-c2c5266b-9249-444b-98a7-fcc34872c9e9-screenshot17292935980464617086.png', '2026-01-21 17:30:38', '2026-01-24 00:06:04');
INSERT INTO `report_detail_ui` VALUES (470, 335, 1, 1, NULL, NULL, 19, 1, '打开登录页', 'BROWSER_OPEN', '', '', 0, '', '', 0, 'https://www.saucedemo.com/', '', '', '', 0, 1, 'http://localhost:9000/bucket/1769184414178-4a214f16-ca21-4ac6-95eb-85060e8531f0-screenshot6229633592187827847.png', '2026-01-21 17:27:54', '2026-01-23 22:35:47');
INSERT INTO `report_detail_ui` VALUES (471, 335, 1, 1, NULL, NULL, 19, 2, '输入账号', 'KEYBOARD_INPUT', 'ID', 'user-name', 0, '', '', 0, 'standard_user', '', '', '', 0, 1, 'http://localhost:9000/bucket/1769184414744-2f9da6b4-0535-4a91-b9b0-bcbab9411fe2-screenshot5714451891157218435.png', '2026-01-21 17:28:19', '2026-01-23 22:35:47');
INSERT INTO `report_detail_ui` VALUES (472, 335, 1, 1, NULL, NULL, 19, 3, '输入密码', 'KEYBOARD_INPUT', 'ID', 'password', 0, '', '', 0, 'secret_sauce', '', '', '', 0, 1, 'http://localhost:9000/bucket/1769184415320-0f8d0c00-89d9-4655-8304-5bab8d445d3f-screenshot3740946745933025761.png', '2026-01-21 17:28:50', '2026-01-23 22:37:35');
INSERT INTO `report_detail_ui` VALUES (473, 335, 1, 1, NULL, NULL, 19, 4, '点击登录', 'MOUSE_LEFT_CLICK', 'ID', 'login-button', 0, '', '', 0, '', '', '', '', 0, 1, 'http://localhost:9000/bucket/1769184416788-bcdacac7-1f90-4022-8e9b-4f633eba3589-screenshot15342813024767997349.png', '2026-01-21 17:29:12', '2026-01-23 22:35:47');
INSERT INTO `report_detail_ui` VALUES (474, 335, 1, 1, NULL, NULL, 19, 5, '强制等待', 'WAIT_FORCE', '', '', 0, '', '', 0, '2000', '', '', '', 0, 1, 'http://localhost:9000/bucket/1769184419180-5c957f68-6a07-4e5e-b34a-8035bac4193c-screenshot246959398270906479.png', '2026-01-21 17:29:57', '2026-01-23 22:35:47');
INSERT INTO `report_detail_ui` VALUES (475, 335, 1, 1, NULL, NULL, 19, 6, '添加商品到购物车', 'MOUSE_LEFT_CLICK', 'ID', 'add-to-cart-sauce-labs-backpack', 0, '', '', 0, '', '', '', '', 0, 1, 'http://localhost:9000/bucket/1769184419935-875a0bfa-bef1-484e-bc4c-7c3266b26813-screenshot5595598827621608355.png', '2026-01-21 17:30:38', '2026-01-24 00:06:04');
INSERT INTO `report_detail_ui` VALUES (476, 335, 1, 1, NULL, NULL, 19, 7, '进入购物车', 'MOUSE_LEFT_CLICK', 'CSS_SELECTOR', '.shopping_cart_link', 0, '', '', 0, '', '', '', '', 0, 1, 'http://localhost:9000/bucket/1769184420780-278ef04d-c5c2-4089-9a8e-382a1d762a7b-screenshot9732037946268865162.png', '2026-01-21 17:31:02', '2026-01-23 22:35:47');
INSERT INTO `report_detail_ui` VALUES (477, 335, 1, 1, NULL, NULL, 19, 8, '强制等待', 'WAIT_FORCE', '', '', 0, '', '', 0, '2000', '', '', '', 0, 1, 'http://localhost:9000/bucket/1769184422962-30f3d162-dc84-4f25-a4d4-cba094d29ac9-screenshot8469098665013755437.png', '2026-01-21 17:31:30', '2026-01-23 22:35:47');
INSERT INTO `report_detail_ui` VALUES (478, 335, 1, 1, NULL, NULL, 19, 9, '验证购物车', 'ASSERTION_ELEMENT_EXIST', 'CLASS_NAME', 'cart_item', 0, '', '', 0, '', '', '', '', 0, 1, 'http://localhost:9000/bucket/1769184423314-af3d9de1-8544-4816-afd1-93ff3209009b-screenshot14543283130918944761.png', '2026-01-21 17:32:40', '2026-01-23 22:35:47');
INSERT INTO `report_detail_ui` VALUES (479, 335, 1, 1, NULL, NULL, 19, 10, '结账', 'MOUSE_LEFT_CLICK', 'ID', 'checkout', 0, '', '', 0, '', '', '', '', 0, 1, 'http://localhost:9000/bucket/1769184423867-7ecc99cb-fc1b-40e5-abc6-4e89ccc8a1ed-screenshot5888061414627829357.png', '2026-01-21 18:31:43', '2026-01-23 22:35:47');
INSERT INTO `report_detail_ui` VALUES (480, 335, 1, 1, NULL, NULL, 19, 11, '输入名字', 'KEYBOARD_INPUT', 'ID', 'first-name', 0, '', '', 0, '李', '', '', '', 0, 0, NULL, '2026-01-22 15:35:14', '2026-01-23 22:35:47');

-- ----------------------------
-- Table structure for sys_dict
-- ----------------------------
DROP TABLE IF EXISTS `sys_dict`;
CREATE TABLE `sys_dict`  (
  `id` int NOT NULL AUTO_INCREMENT COMMENT '自增主键',
  `category` varchar(30) CHARACTER SET utf8mb3 COLLATE utf8mb3_general_ci NULL DEFAULT NULL COMMENT '分类',
  `category_name` varchar(255) CHARACTER SET utf8mb3 COLLATE utf8mb3_general_ci NULL DEFAULT NULL COMMENT '分类中文名称',
  `name` varchar(255) CHARACTER SET utf8mb3 COLLATE utf8mb3_general_ci NULL DEFAULT NULL COMMENT '字典项名称',
  `value` varchar(200) CHARACTER SET utf8mb3 COLLATE utf8mb3_general_ci NULL DEFAULT NULL COMMENT '字典项value',
  `extend` varchar(2048) CHARACTER SET utf8mb3 COLLATE utf8mb3_general_ci NULL DEFAULT NULL COMMENT '字典项拓展字段',
  `remark` varchar(200) CHARACTER SET utf8mb3 COLLATE utf8mb3_general_ci NULL DEFAULT NULL COMMENT '备注',
  `gmt_create` datetime NULL DEFAULT CURRENT_TIMESTAMP COMMENT '创建时间',
  `gmt_modified` datetime NULL DEFAULT CURRENT_TIMESTAMP ON UPDATE CURRENT_TIMESTAMP COMMENT '更新时间',
  PRIMARY KEY (`id`) USING BTREE,
  INDEX `dict_key`(`name` ASC) USING BTREE
) ENGINE = InnoDB AUTO_INCREMENT = 108 CHARACTER SET = utf8mb3 COLLATE = utf8mb3_general_ci ROW_FORMAT = Dynamic;

-- ----------------------------
-- Records of sys_dict
-- ----------------------------

-- ----------------------------
-- Table structure for ui_case
-- ----------------------------
DROP TABLE IF EXISTS `ui_case`;
CREATE TABLE `ui_case`  (
  `id` bigint UNSIGNED NOT NULL AUTO_INCREMENT,
  `project_id` bigint UNSIGNED NULL DEFAULT NULL COMMENT '所属项目ID',
  `module_id` bigint UNSIGNED NULL DEFAULT NULL COMMENT '所属UI用例模块ID',
  `browser` varchar(100) CHARACTER SET utf8mb4 COLLATE utf8mb4_general_ci NULL DEFAULT NULL COMMENT '浏览器名称',
  `name` varchar(100) CHARACTER SET utf8mb4 COLLATE utf8mb4_general_ci NULL DEFAULT NULL COMMENT 'UI用例名称',
  `description` varchar(200) CHARACTER SET utf8mb4 COLLATE utf8mb4_general_ci NULL DEFAULT NULL COMMENT 'UI用例描述',
  `level` varchar(20) CHARACTER SET utf8mb4 COLLATE utf8mb4_general_ci NULL DEFAULT 'p0' COMMENT '执行等级 [p0 p1 p2 p3]',
  `gmt_create` datetime NULL DEFAULT CURRENT_TIMESTAMP COMMENT '创建时间',
  `gmt_modified` datetime NULL DEFAULT CURRENT_TIMESTAMP ON UPDATE CURRENT_TIMESTAMP COMMENT '更新时间',
  `headless_mode` tinyint(1) NULL DEFAULT 0 COMMENT '无头模式 0-显示窗口 1-无头模式',
  PRIMARY KEY (`id`) USING BTREE
) ENGINE = InnoDB AUTO_INCREMENT = 20 CHARACTER SET = utf8mb4 COLLATE = utf8mb4_general_ci ROW_FORMAT = Dynamic;

-- ----------------------------
-- Records of ui_case
-- ----------------------------
INSERT INTO `ui_case` VALUES (16, 5, 29, 'CHROME', '百度搜索功能测试', '验证百度搜索基本功能', 'p0', '2026-01-21 01:31:45', '2026-01-21 01:31:45', 0);
INSERT INTO `ui_case` VALUES (18, 17, 31, 'CHROME', '测试百度搜索功能', '无描述', 'p0', '2026-01-21 02:33:15', '2026-01-21 12:31:56', 0);
INSERT INTO `ui_case` VALUES (19, 18, 33, 'CHROME', '电商购物流程测试', '用户登录 → 浏览商品 → 加入购物车 → 查看购物车 → 填写订单信息 → 完成结账', 'p0', '2026-01-21 15:28:58', '2026-01-21 15:28:58', 0);

-- ----------------------------
-- Table structure for ui_case_module
-- ----------------------------
DROP TABLE IF EXISTS `ui_case_module`;
CREATE TABLE `ui_case_module`  (
  `id` bigint UNSIGNED NOT NULL AUTO_INCREMENT,
  `project_id` bigint UNSIGNED NULL DEFAULT NULL COMMENT '所属项目ID',
  `name` varchar(100) CHARACTER SET utf8mb4 COLLATE utf8mb4_general_ci NULL DEFAULT NULL COMMENT 'UI用例模块名称',
  `gmt_create` datetime NULL DEFAULT CURRENT_TIMESTAMP COMMENT '创建时间',
  `gmt_modified` datetime NULL DEFAULT CURRENT_TIMESTAMP ON UPDATE CURRENT_TIMESTAMP COMMENT '更新时间',
  PRIMARY KEY (`id`) USING BTREE
) ENGINE = InnoDB AUTO_INCREMENT = 34 CHARACTER SET = utf8mb4 COLLATE = utf8mb4_general_ci ROW_FORMAT = Dynamic;

-- ----------------------------
-- Records of ui_case_module
-- ----------------------------
INSERT INTO `ui_case_module` VALUES (29, 5, '默认模块', '2026-01-21 00:42:00', '2026-01-21 00:42:00');
INSERT INTO `ui_case_module` VALUES (31, 17, '百度搜索功能测试', '2026-01-21 01:49:35', '2026-01-21 01:49:54');
INSERT INTO `ui_case_module` VALUES (32, 17, '模块', '2026-01-21 01:50:22', '2026-01-21 01:50:29');
INSERT INTO `ui_case_module` VALUES (33, 18, '电商购物完整流程测试', '2026-01-21 15:28:23', '2026-01-21 15:28:27');

-- ----------------------------
-- Table structure for ui_case_step
-- ----------------------------
DROP TABLE IF EXISTS `ui_case_step`;
CREATE TABLE `ui_case_step`  (
  `id` bigint UNSIGNED NOT NULL AUTO_INCREMENT,
  `project_id` bigint NULL DEFAULT NULL COMMENT '所属项目ID',
  `case_id` bigint UNSIGNED NOT NULL COMMENT '所属UI用例ID',
  `num` bigint UNSIGNED NULL DEFAULT 1 COMMENT '序号',
  `name` varchar(100) CHARACTER SET utf8mb4 COLLATE utf8mb4_general_ci NULL DEFAULT NULL COMMENT '步骤名称',
  `operation_type` varchar(50) CHARACTER SET utf8mb4 COLLATE utf8mb4_general_ci NULL DEFAULT NULL COMMENT '步骤操作类型',
  `location_type` varchar(50) CHARACTER SET utf8mb4 COLLATE utf8mb4_general_ci NULL DEFAULT NULL COMMENT 'UI元素定位类型',
  `location_express` varchar(500) CHARACTER SET utf8mb4 COLLATE utf8mb4_general_ci NULL DEFAULT NULL COMMENT 'UI元素定位表达式',
  `element_wait` bigint UNSIGNED NULL DEFAULT 0 COMMENT '元素查找最长等待时间',
  `target_location_type` varchar(50) CHARACTER SET utf8mb4 COLLATE utf8mb4_general_ci NULL DEFAULT NULL COMMENT '目标UI元素定位类型',
  `target_location_express` varchar(500) CHARACTER SET utf8mb4 COLLATE utf8mb4_general_ci NULL DEFAULT NULL COMMENT '目标UI元素定位表达式',
  `target_element_wait` bigint UNSIGNED NULL DEFAULT 0 COMMENT '目标元素查找最长等待时间',
  `value` varchar(1000) CHARACTER SET utf8mb4 COLLATE utf8mb4_general_ci NULL DEFAULT NULL COMMENT '步骤值',
  `expect_key` varchar(1000) CHARACTER SET utf8mb4 COLLATE utf8mb4_general_ci NULL DEFAULT NULL COMMENT '预期属性',
  `expect_value` varchar(1000) CHARACTER SET utf8mb4 COLLATE utf8mb4_general_ci NULL DEFAULT NULL COMMENT '预期值',
  `description` varchar(1000) CHARACTER SET utf8mb4 COLLATE utf8mb4_general_ci NULL DEFAULT NULL COMMENT '步骤描述',
  `is_continue` tinyint UNSIGNED NULL DEFAULT 0 COMMENT '断言失败是否继续执行',
  `is_screenshot` tinyint UNSIGNED NULL DEFAULT 0 COMMENT '是否截图',
  `gmt_create` datetime NULL DEFAULT CURRENT_TIMESTAMP COMMENT '创建时间',
  `gmt_modified` datetime NULL DEFAULT CURRENT_TIMESTAMP ON UPDATE CURRENT_TIMESTAMP COMMENT '更新时间',
  `step_type` varchar(20) CHARACTER SET utf8mb4 COLLATE utf8mb4_general_ci NULL DEFAULT 'LOCAL' COMMENT '步骤类型 LOCAL/REFER',
  `refer_step_id` bigint NULL DEFAULT NULL COMMENT '引用步骤ID',
  PRIMARY KEY (`id`) USING BTREE
) ENGINE = InnoDB AUTO_INCREMENT = 113 CHARACTER SET = utf8mb4 COLLATE = utf8mb4_general_ci ROW_FORMAT = Dynamic;

-- ----------------------------
-- Records of ui_case_step
-- ----------------------------
INSERT INTO `ui_case_step` VALUES (68, 5, 16, 1, '打开窗口', 'BROWSER_OPEN', '', '', 0, '', '', 0, 'https://www.baidu.com', '', '', '', 0, 1, '2026-01-21 01:31:45', '2026-01-23 22:35:47', 'LOCAL', NULL);
INSERT INTO `ui_case_step` VALUES (71, 17, 18, 1, '打开窗口', 'BROWSER_OPEN', '', '', 0, '', '', 0, 'https://www.baidu.com', '', '', '', 0, 1, '2026-01-21 02:33:16', '2026-01-23 22:35:47', 'LOCAL', NULL);
INSERT INTO `ui_case_step` VALUES (100, 18, 19, 1, '打开登录页', 'BROWSER_OPEN', '', '', 0, '', '', 0, 'https://www.saucedemo.com/', '', '', '', 0, 1, '2026-01-21 17:27:54', '2026-01-23 22:35:47', 'LOCAL', NULL);
INSERT INTO `ui_case_step` VALUES (101, 18, 19, 2, '输入账号', 'KEYBOARD_INPUT', 'ID', 'user-name', 0, '', '', 0, 'standard_user', '', '', '', 0, 1, '2026-01-21 17:28:19', '2026-01-23 22:35:47', 'LOCAL', NULL);
INSERT INTO `ui_case_step` VALUES (102, 18, 19, 3, '输入密码', 'KEYBOARD_INPUT', 'ID', 'password', 0, '', '', 0, 'secret_sauce', '', '', '', 0, 1, '2026-01-21 17:28:50', '2026-01-23 22:37:35', 'LOCAL', NULL);
INSERT INTO `ui_case_step` VALUES (103, 18, 19, 4, '点击登录', 'MOUSE_LEFT_CLICK', 'ID', 'login-button', 0, '', '', 0, '', '', '', '', 0, 1, '2026-01-21 17:29:12', '2026-01-23 22:35:47', 'LOCAL', NULL);
INSERT INTO `ui_case_step` VALUES (104, 18, 19, 5, '强制等待', 'WAIT_FORCE', '', '', 0, '', '', 0, '2000', '', '', '', 0, 1, '2026-01-21 17:29:57', '2026-01-23 22:35:47', 'LOCAL', NULL);
INSERT INTO `ui_case_step` VALUES (105, 18, 19, 6, '添加商品到购物车', 'MOUSE_LEFT_CLICK', 'ID', 'add-to-cart-sauce-labs-backpack', 0, '', '', 0, '', '', '', '', 0, 1, '2026-01-21 17:30:38', '2026-01-24 00:06:04', 'LOCAL', NULL);
INSERT INTO `ui_case_step` VALUES (106, 18, 19, 7, '进入购物车', 'MOUSE_LEFT_CLICK', 'CSS_SELECTOR', '.shopping_cart_link', 0, '', '', 0, '', '', '', '', 0, 1, '2026-01-21 17:31:02', '2026-01-23 22:35:47', 'LOCAL', NULL);
INSERT INTO `ui_case_step` VALUES (107, 18, 19, 8, '强制等待', 'WAIT_FORCE', '', '', 0, '', '', 0, '2000', '', '', '', 0, 1, '2026-01-21 17:31:30', '2026-01-23 22:35:47', 'LOCAL', NULL);
INSERT INTO `ui_case_step` VALUES (108, 18, 19, 9, '验证购物车', 'ASSERTION_ELEMENT_EXIST', 'CLASS_NAME', 'cart_item', 0, '', '', 0, '', '', '', '', 0, 1, '2026-01-21 17:32:40', '2026-01-23 22:35:47', 'LOCAL', NULL);
INSERT INTO `ui_case_step` VALUES (109, 18, 19, 10, '结账', 'MOUSE_LEFT_CLICK', 'ID', 'checkout', 0, '', '', 0, '', '', '', '', 0, 1, '2026-01-21 18:31:43', '2026-01-23 22:35:47', 'LOCAL', NULL);
INSERT INTO `ui_case_step` VALUES (111, 18, 19, 11, '输入名字', 'KEYBOARD_INPUT', 'ID', 'first-name', 0, '', '', 0, '李', '', '', '', 0, 0, '2026-01-22 15:35:14', '2026-01-23 22:35:47', 'LOCAL', NULL);

-- ----------------------------
-- Table structure for ui_element
-- ----------------------------
DROP TABLE IF EXISTS `ui_element`;
CREATE TABLE `ui_element`  (
  `id` bigint UNSIGNED NOT NULL AUTO_INCREMENT,
  `project_id` bigint UNSIGNED NOT NULL COMMENT '所属项目ID',
  `module_id` bigint UNSIGNED NOT NULL COMMENT '所属UI元素模块ID',
  `name` varchar(100) CHARACTER SET utf8mb4 COLLATE utf8mb4_general_ci NOT NULL COMMENT 'UI元素名称',
  `description` varchar(200) CHARACTER SET utf8mb4 COLLATE utf8mb4_general_ci NULL DEFAULT NULL COMMENT 'UI元素描述',
  `location_type` varchar(50) CHARACTER SET utf8mb4 COLLATE utf8mb4_general_ci NOT NULL COMMENT 'UI元素定位类型 [ID NAME XPATH CSS_SELECTOR CLASS_NAME TAG_NAME LINK_TEXT PARTIAL_LINK_TEXT]',
  `location_express` varchar(500) CHARACTER SET utf8mb4 COLLATE utf8mb4_general_ci NOT NULL COMMENT 'UI元素定位表达式',
  `element_wait` bigint UNSIGNED NULL DEFAULT 10 COMMENT '元素查找最长等待时间(秒)',
  `gmt_create` datetime NULL DEFAULT CURRENT_TIMESTAMP COMMENT '创建时间',
  `gmt_modified` datetime NULL DEFAULT CURRENT_TIMESTAMP ON UPDATE CURRENT_TIMESTAMP COMMENT '更新时间',
  PRIMARY KEY (`id`) USING BTREE,
  INDEX `idx_project_id`(`project_id` ASC) USING BTREE,
  INDEX `idx_module_id`(`module_id` ASC) USING BTREE
) ENGINE = InnoDB CHARACTER SET = utf8mb4 COLLATE = utf8mb4_general_ci COMMENT = 'UI元素表' ROW_FORMAT = Dynamic;

-- ----------------------------
-- Records of ui_element
-- ----------------------------

-- ----------------------------
-- Table structure for ui_element_module
-- ----------------------------
DROP TABLE IF EXISTS `ui_element_module`;
CREATE TABLE `ui_element_module`  (
  `id` bigint UNSIGNED NOT NULL AUTO_INCREMENT,
  `project_id` bigint UNSIGNED NOT NULL COMMENT '所属项目ID',
  `name` varchar(100) CHARACTER SET utf8mb4 COLLATE utf8mb4_general_ci NOT NULL COMMENT 'UI元素模块名称',
  `description` varchar(200) CHARACTER SET utf8mb4 COLLATE utf8mb4_general_ci NULL DEFAULT NULL COMMENT '模块描述',
  `gmt_create` datetime NULL DEFAULT CURRENT_TIMESTAMP COMMENT '创建时间',
  `gmt_modified` datetime NULL DEFAULT CURRENT_TIMESTAMP ON UPDATE CURRENT_TIMESTAMP COMMENT '更新时间',
  PRIMARY KEY (`id`) USING BTREE,
  INDEX `idx_project_id`(`project_id` ASC) USING BTREE
) ENGINE = InnoDB CHARACTER SET = utf8mb4 COLLATE = utf8mb4_general_ci COMMENT = 'UI元素模块表' ROW_FORMAT = Dynamic;

-- ----------------------------
-- Records of ui_element_module
-- ----------------------------

SET FOREIGN_KEY_CHECKS = 1;
